Key,English,Spanish,Portuguese
Play,Play,Jugar,Jogar
Exit,Exit,Salir,Saída
Pause,Pause,Pausa,Pausa
Credits,Credits,Créditos ,Créditos 
Settings,Settings,Ajustes,Configurações
Music,Music,Música ,Música 
SFX,SFX,Efectos de sonido,Efeitos sonoros
Resolution,Resolution,Resolución ,Resoluções
Restart,Restart,Reiniciar,Reiniciar
English,English,English,English
Spanish,Español,Español,Español
Portuguese,Português,Português,Português
Rush all you want... the outcome remains unchanged.,Rush all you want... the outcome remains unchanged.,"Por mucha prisa que tengas, el resultado será el mismo.",Corra o quanto quiser... o resultado permanece o mesmo.
One step at a time...,One step at a time...,Un paso a la vez...,Um passo de cada vez...
Or is it that you fell?,Or is it that you fell?,o ¿es que te caíste?,Ou será que você caiu?
"Hate to say it, really… but watch your step.","Hate to say it, really… but watch your step.","De verdad que no quiero decirte esto,","Odeio dizer isso, sinceramente... mas cuidado com o que faz."
Would be a shame if you fell.,Would be a shame if you fell.,pero cuidado con la caída,Seria uma pena se você caísse.
"Don't worry, this sand trap was made just for people like you","Don't worry, this sand trap was made just for people like you","Tranquilo, coloqué esta trampa de arena para gente como tú","Não se preocupe, esta armadilha de areia foi feita especialmente para pessoas como você"
HAHAHAHAHAHAHAHAHA,HAHAHAHAHAHAHAHAHA,JAJAJAJAJAJAJAJAJA,KKKKKKKKKKKK
"Easy there, brain! We're on sand, not at home doing… that.","Easy there, brain! We're on sand, not at home doing… that.","¡Atrás, pensamientos intrusivos, atrás!","Calma aí, cérebro! Estamos na areia, não em casa fazendo... isso."
He...,He...,Ho...,Ol...
Stupid... stupid... stupid! I should’ve beaten him! Damn it all!,Stupid... stupid... stupid! I should’ve beaten him! Damn it all!,¡Estúpido... estúpido... estúpido! ¡Tendría que haberlo derrotado! ¡Maldita sea!,Idiota... idiota... idiota! Eu devia ter batido nele! Droga!
Are you okay?,Are you okay?,¿Te encuentras bien?,Você está bem?
What do you think? Do I look okay to you?,What do you think? Do I look okay to you?,¿Tú qué crees? ¿Te parece que estoy bien?,O que você acha? Eu pareço bem para você?
...,...,...,...
"Sorry... It’s this place. Every time I come back here, I lose it. It’s like everything I felt that day is still waiting for me.","Sorry... It’s this place. Every time I come back here, I lose it. It’s like everything I felt that day is still waiting for me.",Perdón... Es este lugar. Siempre que vuelvo aquí... pierdo el control. Es como si todo lo que sentí ese día aún estuviera esperándome.,"Desculpe... É este lugar. Toda vez que volto aqui, me perco. É como se tudo o que senti naquele dia ainda estivesse esperando por mim."
You’ve been here before?,You’ve been here before?,¿Volver?,Você já esteve aqui antes?
Wait... if you’re here... that means you challenged him too.,Wait... if you’re here... that means you challenged him too.,Espera... si tú estás aquí... eso significa que también lo desafiaste.,Espere... se você está aqui... isso significa que você o desafiou também.
"Kid... I respect your courage, but don’t make the same mistake I did. Don’t end up like me...","Kid... I respect your courage, but don’t make the same mistake I did. Don’t end up like me...","Chico... admiro tu valentía, pero no cometas mi error. No termines como yo...","Garoto... Eu respeito sua coragem, mas não cometa o mesmo erro que eu. Não acabe como eu..."
Sometimes... giving up is the only way to walk away without dragging your regrets behind you,Sometimes... giving up is the only way to walk away without dragging your regrets behind you,"Te recomiendo aceptar tu destino. A veces, rendirse es la única forma de irse sin arrastrar remordimientos",Às vezes... desistir é a única maneira de ir embora sem arrastar arrependimentos atrás de você
I can’t do that. This is the most important moment in my owner’s life. He needs me. I’m not leaving him—not now,I can’t do that. This is the most important moment in my owner’s life. He needs me. I’m not leaving him—not now,No puedo. Es el momento más importante en la vida de mi dueño. Me necesita. No puedo abandonarlo ahora... no cuando más importa.,Não posso fazer isso. Este é o momento mais importante na vida do meu dono. Ele precisa de mim. Não vou deixá-lo — não agora.
"You need to face reality, kid. It’s a lost cause. This is his ring, his rules. Guts won’t get you through this. Don’t pick a fight you can’t win","You need to face reality, kid. It’s a lost cause. This is his ring, his rules. Guts won’t get you through this. Don’t pick a fight you can’t win","Entiende tu situación chico, es una causa perdida. Este lugar es su ring, sus reglas. Aquí no ganas con agallas. No elijas combates que no puedas ganar","Você precisa encarar a realidade, garoto. É uma causa perdida. Este é o ringue dele, as regras dele. Coragem não vai te ajudar a superar isso. Não compre uma briga que você não pode vencer."
"You, of all people—a boxer—should know: a fight isn’t over until the bell rings","You, of all people—a boxer—should know: a fight isn’t over until the bell rings","Tú, siendo boxeador, sabes que el combate no termina hasta que la campana suene","Você, de todas as pessoas - um boxeador - deveria saber: uma luta não termina até que o gongo toque"
"...I hate to admit it, but that bell rang for me a long time ago","...I hate to admit it, but that bell rang for me a long time ago","...Odio admitirlo, pero esa campana sonó hace mucho para mí.","...Odeio admitir, mas esse sinal tocou para mim há muito tempo."
Maybe it is a lost cause... but I’m not giving up. Not when he still believes in me.,Maybe it is a lost cause... but I’m not giving up. Not when he still believes in me.,Tal vez sí sea una causa perdida… pero no puedo darme por vencido ahora. No cuando él cree en mí,Talvez seja uma causa perdida... mas não vou desistir. Não enquanto ele ainda acredita em mim.
"Look... I shouldn’t ask you this, but I can’t stand by and let that bastard take down someone else","Look... I shouldn’t ask you this, but I can’t stand by and let that bastard take down someone else","Escucha, no debería pedirte esto, pero no puedo quedarme quieto mientras ese bastardo cobra otra víctima.","Olha... Eu não deveria te perguntar isso, mas não posso ficar parado e deixar esse bastardo derrubar outra pessoa."
"Digging up the past again, Kira? Come back now, or crawl away like you did last time","Digging up the past again, Kira? Come back now, or crawl away like you did last time","¿Otra vez desenterrando el pasado, Kira? Vuelve ahora, o tendrás que arrastrarte como la última vez.","Desenterrando o passado de novo, Kira? Volte agora ou rasteje para longe como fez da última vez."
"Take my rage, kid. Use it to break through that wall of ice... and end the God of the Limbo… for those of us who couldn’t.","Take my rage, kid. Use it to break through that wall of ice... and end the God of the Limbo… for those of us who couldn’t.","Usa mi rabia, chico... rompe ese muro de hielo... y acaba con el Dios del Limbo...","Aceite minha fúria, garoto. Use-a para romper essa parede de gelo... e acabar com o Deus do Limbo... para aqueles de nós que não conseguiram."
"Carry me with you, even if it's just as fury. Do what I couldn’t","Carry me with you, even if it's just as fury. Do what I couldn’t","Llévame contigo, chico… aunque sea en tu rabia. Haz lo que yo no pude.","Leve-me com você, mesmo que seja com a mesma fúria. Faça o que eu não pude"
Load Game,Load Game,Cargar Juego,Carregar jogo
Language,Language,Idioma,Linguagem
Full Screen,Full Screen,Pantalla Completa,Tela cheia
Back,Back,Volver,Voltar
Hold on a second! I like to be a good host to my guests. Let me show you how to move around these lands.  ,Hold on a second! I like to be a good host to my guests. Let me show you how to move around these lands.  ,¡Espera un segundo! Me gusta ser un buen anfitrión con mis invitados. Te enseñaré cómo moverte por estas tierras.,Espere um segundo! Gosto de ser um bom anfitrião para meus convidados. Deixe-me mostrar como se locomover por estas terras.
"I took the liberty of placing the controls at the bottom of the screen… you know, just in case your tiny attention span can’t handle more.","I took the liberty of placing the controls at the bottom of the screen… you know, just in case your tiny attention span can’t handle more.","Me tomé la molestia de poner los controles en la parte inferior… ya sabes, por si tu diminuta capacidad de atención no da para más.","Tomei a liberdade de colocar os controles na parte inferior da tela... sabe, só para o caso de sua pequena capacidade de atenção não aguentar mais."
"And when you finally decide to shoot, a bar will appear next to you to choose the force. Yes, I set that up for you too. Amazing, isn’t it?","And when you finally decide to shoot, a bar will appear next to you to choose the force. Yes, I set that up for you too. Amazing, isn’t it?","Y cuando por fin decidas disparar, aparecerá una barra junto a ti para elegir la fuerza del tiro. Sí, también hice eso por ti. Increíble, ¿no?","E quando você finalmente decidir atirar, uma barra aparecerá ao seu lado para escolher a força. Sim, eu configurei isso para você também. Incrível, não é?"
"In the lower right corner, oh mighty chosen one, you’ll see how to aim and shoot… though I highly doubt you’ll master it on your first try.","In the lower right corner, oh mighty chosen one, you’ll see how to aim and shoot… though I highly doubt you’ll master it on your first try.","En la esquina inferior derecha, oh gran elegido, podrás ver cómo apuntar y disparar… aunque dudo que logres dominarlo a la primera","No canto inferior direito, ó poderoso escolhido, você verá como mirar e atirar... embora eu duvide muito que você domine isso na primeira tentativa."
"That's it, useless cat. From here on out, whether you make it back alive or not is up to you. Bye.","That's it, useless cat. From here on out, whether you make it back alive or not is up to you. Bye.","Listo, gato inútil. Después de esto, depende de ti si regresas con vida o no. Chau","É isso, gato inútil. De agora em diante, se você vai voltar vivo ou não, depende de você. Tchau."
"Ah, I almost forgot… in the lower left corner, you’ll behold the world I’ve built for you. Or in case your tiny brain forgot where you are.","Ah, I almost forgot… in the lower left corner, you’ll behold the world I’ve built for you. Or in case your tiny brain forgot where you are.","Ah, casi lo olvido… en la esquina inferior izquierda podrás contemplar el entorno que he construido para ti. O, en caso de que tu diminuto cerebro haya olvidado dónde estás.","Ah, quase me esquecia... no canto inferior esquerdo, você verá o mundo que construí para você. Ou caso seu pequeno cérebro tenha esquecido onde você está."
"Hey, hold it! Take a moment to admire the scenery I *so kindly* built for you, you ungrateful furball. I’ve got three simple concepts to explain. ","Hey, hold it! Take a moment to admire the scenery I *so kindly* built for you, you ungrateful furball. I’ve got three simple concepts to explain. ","¡Eh, quieto! Tómate tu tiempo para ver el paisaje que te construí, malagradecido. Tengo que explicarte tres sencillos conceptos.","Ei, calma aí! Pare um momento para admirar a paisagem que eu *tão gentilmente* construí para você, sua bola de pelos ingrata. Tenho três conceitos simples para explicar."
"First, something I really shouldn’t have to say — but there’s always someone, right? Just ask the people who read shampoo labels.","First, something I really shouldn’t have to say — but there’s always someone, right? Just ask the people who read shampoo labels.","Primero, algo que no debería decirte, pero siempre hay gente para todo (pregúntales a los que leen la etiqueta del champú).","Primeiro, algo que eu realmente não deveria ter que dizer — mas sempre tem alguém, né? Pergunte para quem lê rótulos de xampu."
"Your main goal is to get the ball into the hole up there. Shocking, I know — it’s golf.","Your main goal is to get the ball into the hole up there. Shocking, I know — it’s golf.",Tu principal objetivo es meter la bola en el hoyo de arriba. Por algo estamos jugando golf.,"Seu objetivo principal é colocar a bola no buraco lá em cima. Chocante, eu sei — é golfe."
"Second, see that cute little pond next to you? Avoid it at all costs. Though, being a cat, I’d assume that’s obvious. ","Second, see that cute little pond next to you? Avoid it at all costs. Though, being a cat, I’d assume that’s obvious. ","Segundo, ¿ves ese pequeño lago a tu lado? Evítalo a toda costa. Aunque, siendo un gato, supongo que eso es lógico.","Segundo, vê aquele laguinho bonitinho aqui perto? Evite-o a todo custo. Mas, sendo um gato, eu presumo que isso seja óbvio."
"Third, that giant purple platform in front of you? It’s a slime. Yep, you bounce. Use it to reach places that are normally *way* out of your league.","Third, that giant purple platform in front of you? It’s a slime. Yep, you bounce. Use it to reach places that are normally *way* out of your league.","Tercero, la plataforma gigante morada que está enfrente es un slime. Ya sabes, rebotas. Úsala para alcanzar lugares normalmente inalcanzables para ti.","Terceiro, aquela plataforma roxa gigante na sua frente? É uma gosma. É, você quica. Use-a para alcançar lugares que normalmente estão *muito* fora do seu alcance."
I’ve wasted enough of my precious time on you. I’m out (again).,I’ve wasted enough of my precious time on you. I’m out (again).,He perdido demasiado tiempo contigo. Me largo (otra vez).,Já perdi tempo precioso demais com você. Estou fora (de novo).
"Well, congratulations — you’ve made history: a cat who willingly dove into water.","Well, congratulations — you’ve made history: a cat who willingly dove into water.",En fin… otro récord roto: el gato que olvidó que odiaba el agua.,"Bem, parabéns — você fez história: um gato que mergulhou na água por vontade própria."
"Wow, precision at its finest.","Wow, precision at its finest","Vaya, precisión absoluta.","Uau, precisão no seu melhor"
Even the tester couldn’t overshoot it that badly.,Even the tester couldn’t overshoot it that badly,Ni el tester logró pasarse tan mal.,Nem mesmo o testador conseguiu ultrapassar isso tão mal
I have to stay calm… provoking him won’t help me now.,I have to stay calm… provoking him won’t help me now.,Debo mantener la calma… no me conviene hacerlo enojar.,Tenho que manter a calma... provocá-lo não vai me ajudar agora.
New Game,New Game,Nuevo juego,Novo jogo
Continue,Continue,Continuar,Continuar
Thank you Kira...,Thank you Kira...,Gracias Kira...,"Obrigada, Kira..."
B-b-brrr… I c-can’t f-feel my paws…,B-b-brrr… I c-can’t f-feel my paws…,B-b-brrr… N-no s-siento mis p-patas…,B-b-brrr… Eu n-não consigo sentir minhas patas…
B-b-brrr,B-b-brrr,B-b-brrr,B-b-brrr
The Moon...,The Moon...,La Luna...,A Lua...
It reminds me of that trip.,It reminds me of that trip.,Me recuerda aquel viaje.,Isso me faz lembrar daquela viagem.
I need to hurry… I have to get back to him.,I need to hurry… I have to get back to him.,Tengo que darme prisa… debo volver con él.,Preciso me apressar… Tenho que voltar para ele.
Orange Cat,Orange Cat,Gato Naranja,Gato Laranja
Chartreux Cat,Chartreux cat,Gato Chatreux,Gato Chartreux
The Limbo's God,The Limbo's God,El Dios del Limbo,O Deus do Limbo
Resume,Resume,Continuar,Retomar
Paused,Paused,Pausa,Pausa
Let's play some golf!,Let's play some golf!,¡Vamos a jugar golf!,Vamos jogar golfe!
Current Level:,Current Level:,Nivel actual:,Nível atual:
Delete,Delete,Borrar,Excluir
Hits:,Hits:,Golpes:,Acessos:
Programming,Programming,Progamación,Programação
Game design,Game design,Diseño de juego,Design de jogos
Art,Art,Arte,Arte
Animation,Animation,Animación,Animação
UI/UX Design,UI/UX Design,Diseño UI/UX,Design de UI/UX
Music composer,Music composer,Compositor musical,Compositor musical
Special thanks,Special thanks,Agradecimientos especiales,Agradecimentos especiais
Thanks for playing!,Thanks for playing!,Gracias por jugar!,Obrigado por jogar!
I need to end this… and fast.,I need to end this… and fast.,Necesito terminar esto... Y rápido,Preciso acabar com isso… e rápido.
He’s counting on me.,He’s counting on me.,Él cuenta conmigo.,Ele está contando comigo.
Main Menu,Main menu,Menú principal,Menu principal
"Huh, I thought cats hated water","Huh, I thought cats hated water","Huh, pensaba que los gatos odian el agua","Huh, eu pensei que gatos odiassem água"
Not in this weather,Not in this weather,No con este clima,Não neste clima
"Hey, what are you doing over here? Shouldn't you be by the goal right now?","Hey, what are you doing over here? Shouldn't you be by the goal right now?","Ey, ¿qué andas haciendo por aquí?, ¿qué no deberías ya estar en el hoyo?","Ei, o que você está fazendo aqui? Você não deveria estar perto do gol agora?"
You don't have infinite hits,You don't have infinite hits,No tienes tiros infinitos,Você não tem sucessos infinitos
"It's a little bit hot in here, isn't it? Some ice would be nice, don't you think?","It's a little bit hot in here, isn't it? Some ice would be nice, don't you think?","Está haciendo un poco de calor aquí, ¿no? Un poco de hielo estaría bien, ¿no crees?","Está um pouco quente aqui, não é? Um pouco de gelo cairia bem, não acha?"
What are you looking at!?,What are you looking at!?,¡¿A quién estás mirando!?,O que você está olhando!?
Incredible… you actually made it this far. And I didn’t even have time to decorate this field.,Incredible… you actually made it this far. And I didn’t even have time to decorate this field.,Increíble… has llegado hasta aquí. Y yo que ni tuve tiempo de decorar este campo.,Incrível... você chegou até aqui. E eu nem tive tempo de decorar este campo.
"Look at those unfinished edges. That floating platform, barely placed...","Look at those unfinished edges. That floating platform, barely placed...",¿Ves esos bordes sin terminar? Esa plataforma flotando mal puesta…,"Olhe para essas bordas inacabadas. Aquela plataforma flutuante, mal colocada..."
All ruined! And now I’ll have to call my decorator and tell him I won’t need him after all.,All ruined! And now I’ll have to call my decorator and tell him I won’t need him after all.,¡Todo arruinado! Y ahora tendré que decirle a mi decorador que no lo necesito.,Tudo arruinado! E agora vou ter que ligar para o meu decorador e dizer que não vou mais precisar dele.
A whole family without dinner tonight. Hope you’re proud of yourself.,A whole family without dinner tonight. Hope you’re proud of yourself.,Una familia entera sin cena esta noche. ¿Feliz ahora?,Uma família inteira sem jantar esta noite. Espero que você esteja orgulhoso de si mesmo.
I’m not responsible for your incompetence.,I’m not responsible for your incompetence.,No soy responsable de tu incompetencia.,Não sou responsável pela sua incompetência.
How dare you?!,How dare you?!,¡¿Cómo te atreves?!,Como você ousa?!
I built this entire world for you.,I built this entire world for you.,Todo este mundo lo hice para ti.,Eu construí esse mundo inteiro para você.
"The landscapes, the music, the challenges…","The landscapes, the music, the challenges…","Los paisajes, la música, los desafíos…","As paisagens, a música, os desafios…"
And this is how you repay me?,And this is how you repay me?,¡Y tú me lo echas en cara como si nada!,E é assim que você me retribui?
You know what?,You know what?,¿Sabes qué?,Você sabe o que?
I was going to break the deal and trap you here even if you won.,I was going to break the deal and trap you here even if you won.,¡Iba a romper mi parte del trato y dejarte atrapado aquí aunque ganaras!,Eu ia quebrar o acordo e prender você aqui mesmo se você vencesse.
But now? You’re not even worth the cruelty. You’ve bored me.,But now? You’re not even worth the cruelty. You’ve bored me.,Pero ni siquiera vales esa maldad. Me has aburrido.,Mas agora? Você nem vale a pena a crueldade. Você me entediou.
I’m so disappointed… I won’t even finish this course.,I’m so disappointed… I won’t even finish this course.,Me has decepcionado tanto… que ni siquiera terminaré este campo.,Estou tão decepcionado... Não vou nem terminar esse curso.
You’ll face it as it is — raw sketches. No guidance. No logic.,You’ll face it as it is — raw sketches. No guidance. No logic.,Lo enfrentarás con los bocetos. Sin guía. Sin sentido.,Você vai encarar como é — rascunhos crus. Sem orientação. Sem lógica.
"Figure it out on your own, “great hero.”","Figure it out on your own, “great hero.”","Averígualo tú solito, gran héroe.","Descubra você mesmo, “grande herói”."
I never planned to ask for your help anyway.,I never planned to ask for your help anyway.,No pensaba pedir tu ayuda.,"De qualquer forma, nunca planejei pedir sua ajuda."
You better make it back to your owner.,You better make it back to your owner.,Más te vale regresar con tu dueño.,É melhor você devolver para seu dono.
Because if you don’t… there won’t even be a limbo left for you.,Because if you don’t… there won’t even be a limbo left for you.,Porque si fallas… no tendrás un limbo al que volver.,Porque se você não fizer isso... não sobrará nem um limbo para você.
It doesn’t surprise me... but I’m ready.,It doesn’t surprise me... but I’m ready.,No esperaba menos de él... pero estoy listo para esto.,Não me surpreende... mas estou pronto.
"Remember, this fight isn’t just yours anymore.","Remember, this fight isn’t just yours anymore.","Recuerda, esta ya no es solo tu lucha.","Lembre-se, essa luta não é mais só sua."
You can’t let them down.,You can’t let them down.,No puedes fallarles.,Você não pode decepcioná-los.
"Hey, hey! Hold it right there.","Hey, hey! Hold it right there.","¡Eh, eh! Quieto ahí.","Ei, ei! Pare aí."
I really hope you're just one shot away. It’d be hilarious if you lost because of this little chat.,I really hope you're just one shot away. It’d be hilarious if you lost because of this little chat.,Ojalá te hayas quedado a un solo golpe. Sería muy gracioso que perdieras por culpa de este diálogo.,Espero mesmo que você esteja a apenas uma tacada de distância. Seria hilário se você perdesse por causa dessa conversinha.
"Why exactly are you stopping me now, right when I’m about to beat you?","Why exactly are you stopping me now, right when I’m about to beat you?",¿Exactamente para qué me detienes cuando estoy a punto de ganarte?,"Por que exatamente você está me parando agora, bem quando estou prestes a te derrotar?"
Relaaax... I just wanted to speak to the only living being who’s ever managed to beat me in a challenge.,Relaaax... I just wanted to speak to the only living being who’s ever managed to beat me in a challenge.,Tranquilooo… Solo quería hablar con el único ser vivo que ha logrado derrotarme en un reto.,Relaxa... Eu só queria falar com o único ser vivo que já conseguiu me vencer em um desafio.
"Congratulations! Honestly, I never expected anything from you. You genuinely surprised me.","Congratulations! Honestly, I never expected anything from you. You genuinely surprised me.","¡Felicidades! Sinceramente, nunca esperé nada de ti. Me sorprendiste… genuinamente.","Parabéns! Sinceramente, eu nunca esperava nada de você. Você realmente me surpreendeu."
No one else ever did because you spent all your time rigging the trials.,No one else ever did because you spent all your time rigging the trials.,Nadie lo había logrado antes porque tú te dedicaste a alterar todas las pruebas.,Ninguém mais fez isso porque você passou o tempo todo manipulando os julgamentos.
"Ohhh, look who’s talking—the one who needed some extra help that wasn’t exactly in the original deal.","Ohhh, look who’s talking—the one who needed some extra help that wasn’t exactly in the original deal.",¡Ohhh! Habló el que necesitó una ayudita que no estaba en las reglas.,"Ah, olha quem está falando: aquele que precisava de uma ajuda extra que não estava exatamente no acordo original."
"They helped me, and for that, I’ll be forever grateful.","They helped me, and for that, I’ll be forever grateful.","Ellos me ayudaron, y estoy eternamente agradecido por eso.","Eles me ajudaram e, por isso, serei eternamente grato."
"Thanks to them, I was able to defeat you. And thanks to them… I’ll go back to the one who matters most in my life.","Thanks to them, I was able to defeat you. And thanks to them… I’ll go back to the one who matters most in my life.",Gracias a ellos pude derrotarte. Y gracias a ellos… podré volver con la persona más importante de mi vida.,"Graças a eles, consegui derrotar você. E graças a eles... voltarei para quem mais importa na minha vida."
Because your word never meant anything from the beginning.,Because your word never meant anything from the beginning.,Porque tu palabra no tuvo valor desde el principio.,Porque sua palavra nunca significou nada desde o começo.
"What, did you think I’d stop doing my job just because of your cute little face?","What, did you think I’d stop doing my job just because of your cute little face?",¿Qué pensabas? ¿Que dejaría de hacer mi trabajo por tu linda carita?,"O quê, você achou que eu pararia de fazer meu trabalho só por causa do seu rostinho fofo?"
"No, I do this for fun.","No, I do this for fun.","No, no. Yo hago esto por diversión.","Não, eu faço isso por diversão."
"Ethics? Please—I make decisions for the drama, not the morals.","Ethics? Please—I make decisions for the drama, not the morals.","Mis decisiones no tienen ética, solo espectáculo.","Ética? Por favor — eu tomo decisões pelo drama, não pela moral."
Enjoy your prize… but remember: death is the only certainty.,Enjoy your prize… but remember: death is the only certainty.,Disfruta tu premio… pero recuerda: la muerte es la única inevitable.,Aproveite seu prêmio… mas lembre-se: a morte é a única certeza.
"And at that time, there won’t be any second chances.","And at that time, there won’t be any second chances.","Y esta vez, no tendrás segundas oportunidades.","E naquele momento, não haverá segundas chances."
Enjoy the rest of your life.,Enjoy the rest of your life.,Disfruta el resto de tu vida.,Aproveite o resto da sua vida.
Believe me… I will.,Believe me… I will.,Créeme… lo haré.,Acredite em mim… eu vou.
How did you get those powers? Who gave them to you?,How did you get those powers? Who gave them to you?,"¿Cómo conseguiste esos poderes?, ¿quién te los dio?",Como você adquiriu esses poderes? Quem os deu a você?
From those you tried to break so I wouldn’t stand a chance.,From those you tried to break so I wouldn’t stand a chance.,De quienes perjudicaste para que no pudiera derrotarte.,Daqueles que você tentou quebrar para que eu não tivesse chance.
They gave me these abilities to end this cycle.,They gave me these abilities to end this cycle.,Ellos me concedieron estas habilidades para romper este ciclo.,Eles me deram essas habilidades para acabar com esse ciclo.
And I’ll live up to each of their hopes — to return to the one I love… and defeat you on the way.,And I’ll live up to each of their hopes — to return to the one I love… and defeat you on the way.,Y cumpliré cada una de sus expectativas: volveré con quien amo… y te venceré en el camino.,E eu viverei de acordo com cada uma das suas esperanças — de retornar para a pessoa que eu amo... e derrotar você no caminho.
"Kitty, kitty, kitty... Sure, go ahead and chase what they couldn’t do — but you and I both know it’s impossible.","Kitty, kitty, kitty... Sure, go ahead and chase what they couldn’t do — but you and I both know it’s impossible.","Gatito, gatito, gatito… Está bien que quieras lograr lo que ellos no pudieron, pero tú y yo sabemos que es imposible.","Gatinha, gatinha, gatinha... Claro, vá em frente e persiga o que eles não conseguiram fazer — mas você e eu sabemos que é impossível."
"These are my lands, which means my rules. You’re just another pawn in this little chess game I call leisure.","These are my lands, which means my rules. You’re just another pawn in this little chess game I call leisure.","Estas son mis tierras; por lo tanto, mis reglas. No eres más que otro peón en este tablero de ocio.","Estas são minhas terras, o que significa minhas regras. Você é apenas mais um peão neste joguinho de xadrez que chamo de lazer."
That’s exactly why they gave me this chance. They saw something in me — something even I didn’t see.,That’s exactly why they gave me this chance. They saw something in me — something even I didn’t see.,Justo por eso me dieron esta oportunidad: vieron algo en mí que ni yo mismo había notado.,Foi exatamente por isso que me deram essa chance. Eles viram algo em mim — algo que nem eu via.
And I’ll say it again: this isn’t just my goal anymore… it’s ours.,And I’ll say it again: this isn’t just my goal anymore… it’s ours.,Te lo repito: ya no es mi meta… es nuestra meta.,E repito: esse não é mais apenas meu objetivo… é nosso.
Hah! Doesn’t matter what story you tell yourself — the ending’s already written.,Hah! Doesn’t matter what story you tell yourself — the ending’s already written.,"¡Ja, ja, ja! Cambia la narrativa cuanto quieras; el resultado será el mismo.",Haha! Não importa a história que você conte a si mesmo — o final já está escrito.
"And if — by some miracle — you do beat me, what do you think happens to them? Everyone gets a happy ending?","And if — by some miracle — you do beat me, what do you think happens to them? Everyone gets a happy ending?","Y si por algún milagro me superas, ¿qué crees que pasará con ellos? ¿Un final feliz, así, como por arte de magia?","E se — por algum milagre — você me vencer, o que acha que acontece com eles? Todos terão um final feliz?"
"Of course not. While you live out your precious little life, they’ll still be stuck here with no way out.","Of course not. While you live out your precious little life, they’ll still be stuck here with no way out.","¡Claro que no! Mientras tú celebras tu victoria, ellos seguirán pudriéndose aquí, sin redención posible.","Claro que não. Enquanto você viver a sua preciosa vidinha, eles continuarão presos aqui, sem saída."
"That, my feline friend, makes you nothing but a manipulator… and a hopeless optimist.","That, my feline friend, makes you nothing but a manipulator… and a hopeless optimist.","Eso, amigo felino, es ser un manipulador… y un optimista empedernido.","Isso, meu amigo felino, faz de você nada mais que um manipulador... e um otimista incurável."
"Come on, kid… You haven’t fought alone. I’ve been in your corner since round one — and I won’t let you fall now.","Come on, kid… You haven’t fought alone. I’ve been in your corner since round one — and I won’t let you fall now.","Vamos, chico… esto no lo peleaste solo. He estado en tu esquina desde el primer asalto y no pienso dejarte caer ahora.","Vamos lá, garoto... Você não lutou sozinho. Eu estive ao seu lado desde o primeiro round — e não vou deixar você cair agora."
You really think a chessmaster like me would let his pawn not become a queen?,You really think a chessmaster like me would let his pawn not become a queen?,¿De verdad crees que un ajedrecista como yo dejaría que su peón no se convirtiera en reina?,Você realmente acha que um mestre de xadrez como eu deixaria seu peão não se tornar uma rainha?
"It's clutch time, kitty. Don’t let us down.","It's clutch time, kitty. Don’t let us down.","Es tu momento clutch, gatito. ¡No nos decepciones!","Chegou a hora da embreagem, gatinha. Não nos decepcione."
"GET BACK TO YOUR POSTS, OR THOSE WILL BE YOUR FINAL WORDS!","GET BACK TO YOUR POSTS, OR THOSE WILL BE YOUR FINAL WORDS!",¡REGRESEN A SUS TRABAJOS O ESA SERÁ LA ÚLTIMA PALABRA QUE PRONUNCIEN!,"VOLTE PARA SUAS POSTAGENS, OU ESSAS SERÃO SUAS PALAVRAS FINAIS!"
You can’t stop me anymore.,You can’t stop me anymore.,Ya no puedes detenerme.,Você não pode mais me impedir.
Ah... what could have been. This level was going to be my masterpiece.,Ah... what could have been. This level was going to be my masterpiece.,Ah… lo que pudo ser. Este nivel iba a ser mi obra cumbre.,Ah... o que poderia ter sido. Esta fase seria minha obra-prima.
Hello! Are you another one of the... uh... cats who stayed here?,Hello! Are you another one of the... uh... cats who stayed here?,¡Hola! ¿Eres otro de los... eh... gatos que se quedaron aquí?,Olá! Você é mais um dos... uh... gatos que ficaram aqui?
"Mmm... technically, I'm in existential checkmate. But yes, you could say I gave up before the end. A miscalculation.","Mmm... technically, I'm in existential checkmate. But yes, you could say I gave up before the end. A miscalculation.","Mmm... técnicamente, estoy en jaque mate existencial. Pero sí, podrías decir que me rendí antes del final. Un error de cálculo.","Mmm... tecnicamente, estou em xeque-mate existencial. Mas sim, pode-se dizer que desisti antes do fim. Um erro de cálculo."
Oh... sorry. Did you play something before?,Oh... sorry. Did you play something before?,Oh... lo siento. ¿Jugabas algo antes?,Ah... desculpe. Você já tocou alguma coisa antes?
I played and breathed chess. Until a mouse distracted me in the middle of a crucial game. I lost focus. I lost the queen.,I played and breathed chess. Until a mouse distracted me in the middle of a crucial game. I lost focus. I lost the queen.,Jugaba y respiraba ajedrez. Hasta que un ratón me distrajo en medio de una partida crucial. Perdí la concentración. Perdí la reina.,Eu jogava e respirava xadrez. Até que um rato me distraiu no meio de uma partida crucial. Perdi o foco. Perdi a rainha.
Wow! But you're still here. Have you thought about trying again?,Wow! But you're still here. Have you thought about trying again?,"¡Vaya! Pero aún sigues aquí. ¿No has pensado en volver a intentarlo?

",Uau! Mas você ainda está aqui. Já pensou em tentar de novo?
Mmm... nah. Now I'm dedicated to philosophizing about the weight of things. Life.,Mmm... nah. Now I'm dedicated to philosophizing about the weight of things. Life.,Mmm... nah. Ahora me dedico a filosofar sobre el peso de las cosas. La vida.,Mmm... não. Agora me dedico a filosofar sobre o peso das coisas. A vida.
"Well, I'm right in the middle. I've already passed two camps... and although it's been difficult, I think I'm closer to returning to my human.","Well, I'm right in the middle. I've already passed two camps... and although it's been difficult, I think I'm closer to returning to my human.","Pues yo estoy justo a medio camino. Ya pasé dos campos... y aunque ha sido difícil, creo que estoy más cerca de volver con mi humano.","Bem, estou bem no meio. Já passei por dois acampamentos... e, embora tenha sido difícil, acho que estou mais perto de retornar ao meu humano."
"With that spirit... you're going to go far, rookie. And speaking of weight... Maybe this will help.","With that spirit... you're going to go far, rookie. And speaking of weight... Maybe this will help.","¿Con ese espíritu... vas a llegar lejos, novato. Y hablando de peso... Quizás esto te sirva.","Com esse espírito... você vai longe, novato. E falando em peso... Talvez isso ajude."
Your ball is now heavier. More stable. Like me after five cans of paté.,Your ball is now heavier. More stable. Like me after five cans of pâté.,Tu pelota ahora es más pesada. Más estable. Como yo después de cinco latas de paté.,Sua bola agora está mais pesada. Mais estável. Como eu depois de cinco latas de patê.
Thanks! This is going to help me a lot.,Thanks! This is going to help me a lot.,¡Gracias! Esto me va a ayudar un montón.,Obrigado! Isso vai me ajudar muito.
"Don't forget one thing, kid... Not everything that weighs you down is a hindrance. Sometimes it's the weight itself that keeps you on the straight and narrow.","Don't forget one thing, kid... Not everything that weighs you down is a hindrance. Sometimes it's the weight itself that keeps you on the straight and narrow.","No olvides algo, chico... No todo lo que pesa, estorba. A veces es justo el peso lo que te mantiene en la línea recta.","Não se esqueça de uma coisa, garoto... Nem tudo que te pesa é um empecilho. Às vezes, é o próprio peso que te mantém no caminho certo."
"And now if you don't mind, I have a nap pending with a first and last name.","And now if you don't mind, I have a nap pending with a first and last name.","Y ahora si no te importa, tengo una siesta pendiente con nombre y apellido.","E agora, se você não se importa, tenho um cochilo pendente com nome e sobrenome."
"I promise to put your power to good use... and maybe one day, I'll roll a strike for you.","I promise to put your power to good use... and maybe one day, I'll roll a strike for you.","Prometo darle buen uso a tu poder... y quizá algún día, rodar un strike por ti.",Prometo usar seu poder para o bem... e talvez um dia eu faça um ataque para você.
Aim,Aim,Apuntar,Mirar
Shoot,Shoot,Disparar,Atirar
Camera controls,Camera controls,Controles de cámara,Controles da câmera
Strokes left:,Strokes left:,Tiros restantes:,Traços à esquerda:
Game over,Game over,Fin del juego,Fim do jogo
Needed a refresher,Needed a refresher,Necesitaba refrescarme,Precisava de uma atualização
A shortcut is always good,A shortcut is always good,Un atajo siempre es bueno,Um atalho é sempre bom
"Haha, I wouldn't be so sure about it","Haha, I wouldn't be so sure about it","Jaja, no estaría tan seguro","Kkk, eu não teria tanta certeza disso"
What a way to break the ice!,What a way to break the ice!,¡Qué manera de romper el hielo!,Que maneira de quebrar o gelo!
Hello! Are you another one of the... uh... cats who stayed here?,Hello! Are you another one of the... uh... cats who stayed here?,¡Hola! ¿Eres otro de los... eh... gatos que se quedaron aquí?,Olá! Você é mais um dos... uh... gatos que ficaram aqui?
"Mmm... technically, I'm in existential checkmate. But yes, you could say I gave up before the end. A miscalculation.","Mmm... technically, I'm in existential checkmate. But yes, you could say I gave up before the end. A miscalculation.","Mmm... técnicamente, estoy en jaque mate existencial. Pero sí, podría decirse que me rendí antes del final. Un error de cálculo.","Mmm... tecnicamente, estou em xeque-mate existencial. Mas sim, pode-se dizer que desisti antes do fim. Um erro de cálculo."
Oh... sorry. Did you play something before?,Oh... sorry. Did you play something before?,Oh... lo siento. ¿Jugaste algo antes?,Ah... desculpe. Você já tocou alguma coisa antes?
I played and breathed chess. Until a mouse distracted me in the middle of a crucial game. I lost focus. I lost the queen.,I played and breathed chess. Until a mouse distracted me in the middle of a crucial game. I lost focus. I lost the queen.,Jugaba y respiraba ajedrez. Hasta que un ratón me distrajo en medio de una partida crucial. Perdí la concentración. Perdí la reina.,Eu jogava e respirava xadrez. Até que um rato me distraiu no meio de uma partida crucial. Perdi o foco. Perdi a rainha.
Wow! But you're still here. Have you thought about trying again?,Wow! But you're still here. Have you thought about trying again?,¡Guau! Pero sigues aquí. ¿Has pensado en volver a intentarlo?,Uau! Mas você ainda está aqui. Já pensou em tentar de novo?
Mmm... nah. Now I'm dedicated to philosophizing about the weight of things. Life.,Mmm... nah. Now I'm dedicated to philosophizing about the weight of things. Life.,Mmm... no. Ahora me dedico a filosofar sobre el peso de las cosas. La vida.,Mmm... não. Agora me dedico a filosofar sobre o peso das coisas. A vida.
"Well, I'm right in the middle. I've already passed two camps... and although it's been difficult, I think I'm closer to returning to my human.","Well, I'm right in the middle. I've already passed two camps... and although it's been difficult, I think I'm closer to returning to my human.","Bueno, estoy justo en el medio. Ya he pasado dos campamentos... y aunque ha sido difícil, creo que estoy más cerca de volver con mi humano.","Bem, estou bem no meio. Já passei por dois acampamentos... e, embora tenha sido difícil, acho que estou mais perto de retornar ao meu humano."
"With that spirit... you're going to go far, rookie. And speaking of weight... Maybe this will help.","With that spirit... you're going to go far, rookie. And speaking of weight... Maybe this will help.","Con ese espíritu... llegarás lejos, novato. Y hablando de peso... Quizás esto te ayude.","Com esse espírito... você vai longe, novato. E falando em peso... Talvez isso ajude."
Your ball is now heavier. More stable. Like me after five cans of paté.,Your ball is now heavier. More stable. Like me after five cans of paté.,Tu pelota ahora pesa más. Es más estable. Como yo después de cinco latas de paté.,Sua bola agora está mais pesada. Mais estável. Como eu depois de cinco latas de patê.
Thanks! This is going to help me a lot.,Thanks! This is going to help me a lot.,¡Gracias! Esto me va a ayudar mucho.,Obrigado! Isso vai me ajudar muito.
"Don't forget one thing, kid... Not everything that weighs you down is a hindrance. Sometimes it's the weight itself that keeps you on the straight and narrow.","Don't forget one thing, kid... Not everything that weighs you down is a hindrance. Sometimes it's the weight itself that keeps you on the straight and narrow.","No olvides una cosa, chico... No todo lo que te pesa es un obstáculo. A veces es el propio peso el que te mantiene en el buen camino.","Não se esqueça de uma coisa, garoto... Nem tudo que te pesa é um empecilho. Às vezes, é o próprio peso que te mantém no caminho certo."
"And now if you don't mind, I have a nap pending with a first and last name.","And now if you don't mind, I have a nap pending with a first and last name.","Y ahora si no os importa, tengo una siesta pendiente con nombre y apellido.","E agora, se você não se importa, tenho um cochilo pendente com nome e sobrenome."
"I promise to put your power to good use... and maybe one day, I'll roll a strike for you.","I promise to put your power to good use... and maybe one day, I'll roll a strike for you.","Prometo darle un buen uso a tu poder... y quizás algún día, pueda hacer un strike por ti.",Prometo usar seu poder para o bem... e talvez um dia eu faça um ataque para você.
What a surprise! No one has reached this far besides me.,What a surprise! No one has reached this far besides me.,¡Qué sorpresa! Nadie ha llegado tan lejos aparte de mí.,Que surpresa! Ninguém chegou tão longe além de mim.
"So your owner is a golfist, mine was a basketball player.","So your owner is a golfist, mine was a basketball player.","Entonces tu dueño es golfista, el mío era jugador de baloncesto.","Então seu dono é um jogador de golfe, o meu era um jogador de basquete."
"I shall grant you my power, so you can defeat the Limbo God.","I shall grant you my power, so you can defeat the Limbo God.",Te concederé mi poder para que puedas derrotar al Dios del Limbo.,Eu lhe concederei meu poder para que você possa derrotar o Deus do Limbo.
A-a-chooooo! Did someone call me?,A-a-chooooo! Did someone call me?,¡Aaaaaaa! ¿Alguien me llamó?,A-a-chooooo! Alguém me ligou?
"Oh no! Quick! In the right moment, you'll need to press a button, which you'll see in the middle of the box thing.","Oh no! Quick! In the right moment, you'll need to press a button, which you'll see in the middle of the box thing.","¡Oh, no! ¡Rápido! En el momento justo, tendrás que pulsar un botón que verás en el centro de la caja.","Ah, não! Rápido! No momento certo, você precisará apertar um botão, que você verá no meio daquela caixa."
What do you think you are doing!? Come back quickly!,What do you think you are doing!? Come back quickly!,¿Qué crees que estás haciendo? ¡Vuelve rápido!,O que você pensa que está fazendo?! Volte logo!
Good luck my fellow feline friend!,Good luck my fellow feline friend!,¡Buena suerte mi amigo felino!,"Boa sorte, meu amigo felino!"
Oh! And before I forget! You only have once chance every two hits after touching the ground.,Oh! And before I forget! You only have once chance every two hits after touching the ground.,¡Ah! ¡Y antes de que me olvide! Solo tienes una oportunidad cada dos golpes después de tocar el suelo.,Ah! E antes que eu me esqueça! Você só tem uma chance a cada dois acertos após tocar o chão.